"State","Year","Category","Population","PopulationChange","AdjustedRate","AdjustedRateRaw"
"AS","2016","Data Breach",177746,NA,0,"0"
"AS","2016","Personal Data Breach",177746,NA,6,"6"
"AS","2016","Malware",177746,NA,0,"0"
"AS","2016","Phishing",177746,NA,3,"3"
"AS","2016","Ransomware",177746,NA,0,"0"
"AS","2016","Crimes Against Children",177746,NA,0,"0"
"AS","2016","Extortion",177746,NA,6,"6"
"AS","2016","Threats/Stalking/Harassment/Terrorism",177746,NA,10,"10"
"AS","2016","IPR/Counterfeit",177746,NA,0,"0"
"AS","2016","Identity Theft",177746,NA,0,"0"
"AS","2016","BEC",177746,NA,0,"0"
"AS","2017","Data Breach",179530,1784,0,"0"
"AS","2017","Personal Data Breach",179530,1784,3,"3"
"AS","2017","Malware",179530,1784,0,"0"
"AS","2017","Phishing",179530,1784,3,"3"
"AS","2017","Ransomware",179530,1784,0,"0"
"AS","2017","Crimes Against Children",179530,1784,0,"0"
"AS","2017","Extortion",179530,1784,3,"3"
"AS","2017","Threats/Stalking/Harassment/Terrorism",179530,1784,10,"10"
"AS","2017","IPR/Counterfeit",179530,1784,0,"0"
"AS","2017","Identity Theft",179530,1784,0,"0"
"AS","2017","BEC",179530,1784,0,"0"
"AS","2018","Data Breach",181918,2388,0,"0"
"AS","2018","Personal Data Breach",181918,2388,0,"0"
"AS","2018","Malware",181918,2388,3,"3"
"AS","2018","Phishing",181918,2388,0,"0"
"AS","2018","Ransomware",181918,2388,0,"0"
"AS","2018","Crimes Against Children",181918,2388,0,"0"
"AS","2018","Extortion",181918,2388,3,"3"
"AS","2018","Threats/Stalking/Harassment/Terrorism",181918,2388,3,"3"
"AS","2018","IPR/Counterfeit",181918,2388,0,"0"
"AS","2018","Identity Theft",181918,2388,0,"0"
"AS","2018","BEC",181918,2388,0,"0"
"AS","2019","Data Breach",182799,881,0,"0"
"AS","2019","Personal Data Breach",182799,881,7,"7"
"AS","2019","Malware",182799,881,0,"0"
"AS","2019","Phishing",182799,881,3,"3"
"AS","2019","Ransomware",182799,881,0,"0"
"AS","2019","Crimes Against Children",182799,881,0,"0"
"AS","2019","Extortion",182799,881,7,"7"
"AS","2019","Threats/Stalking/Harassment/Terrorism",182799,881,3,"3"
"AS","2019","IPR/Counterfeit",182799,881,0,"0"
"AS","2019","Identity Theft",182799,881,3,"3"
"AS","2019","BEC",182799,881,0,"0"
"AS","2020","Data Breach",181560,-1239,3,"3"
"AS","2020","Personal Data Breach",181560,-1239,3,"3"
"AS","2020","Malware",181560,-1239,0,"0"
"AS","2020","Phishing",181560,-1239,3,"3"
"AS","2020","Ransomware",181560,-1239,0,"0"
"AS","2020","Crimes Against Children",181560,-1239,0,"0"
"AS","2020","Extortion",181560,-1239,7,"7"
"AS","2020","Threats/Stalking/Harassment/Terrorism",181560,-1239,7,"7"
"AS","2020","IPR/Counterfeit",181560,-1239,0,"0"
"AS","2020","Identity Theft",181560,-1239,3,"3"
"AS","2020","BEC",181560,-1239,18,"18"
"AS","2021","Data Breach",181163,-397,0,"0"
"AS","2021","Personal Data Breach",181163,-397,7,"7"
"AS","2021","Malware",181163,-397,3,"3"
"AS","2021","Phishing",181163,-397,3,"3"
"AS","2021","Ransomware",181163,-397,0,"0"
"AS","2021","Crimes Against Children",181163,-397,0,"0"
"AS","2021","Extortion",181163,-397,0,"0"
"AS","2021","Threats/Stalking/Harassment/Terrorism",181163,-397,0,"0"
"AS","2021","IPR/Counterfeit",181163,-397,3,"3"
"AS","2021","Identity Theft",181163,-397,0,"0"
"AS","2021","BEC",181163,-397,3,"3"
"AS","2022","Data Breach",184086,2923,0,"0"
"AS","2022","Personal Data Breach",184086,2923,11,"11"
"AS","2022","Malware",184086,2923,0,"0"
"AS","2022","Phishing",184086,2923,3,"3"
"AS","2022","Ransomware",184086,2923,0,"0"
"AS","2022","Crimes Against Children",184086,2923,11,"11"
"AS","2022","Extortion",184086,2923,7,"7"
"AS","2022","Threats/Stalking/Harassment/Terrorism",184086,2923,18,"18"
"AS","2022","IPR/Counterfeit",184086,2923,0,"0"
"AS","2022","Identity Theft",184086,2923,7,"7"
"AS","2022","BEC",184086,2923,7,"7"
"TN","2016","Data Breach",177746,NA,1,"1"
"TN","2016","Personal Data Breach",177746,NA,11,"11"
"TN","2016","Malware",177746,NA,1,"1"
"TN","2016","Phishing",177746,NA,7,"7"
"TN","2016","Ransomware",177746,NA,1,"1"
"TN","2016","Crimes Against Children",177746,NA,0,"0"
"TN","2016","Extortion",177746,NA,9,"9"
"TN","2016","Threats/Stalking/Harassment/Terrorism",177746,NA,7,"7"
"TN","2016","IPR/Counterfeit",177746,NA,1,"1"
"TN","2016","Identity Theft",177746,NA,7,"7"
"TN","2016","BEC",177746,NA,4,"4"
"TN","2017","Data Breach",179530,1784,1,"1"
"TN","2017","Personal Data Breach",179530,1784,1,"1"
"TN","2017","Malware",179530,1784,1,"1"
"TN","2017","Phishing",179530,1784,9,"9"
"TN","2017","Ransomware",179530,1784,0,"0"
"TN","2017","Crimes Against Children",179530,1784,0,"0"
"TN","2017","Extortion",179530,1784,7,"7"
"TN","2017","Threats/Stalking/Harassment/Terrorism",179530,1784,6,"6"
"TN","2017","IPR/Counterfeit",179530,1784,1,"1"
"TN","2017","Identity Theft",179530,1784,8,"8"
"TN","2017","BEC",179530,1784,4,"4"
"TN","2018","Data Breach",181918,2388,0,"0"
"TN","2018","Personal Data Breach",181918,2388,18,"18"
"TN","2018","Malware",181918,2388,0,"0"
"TN","2018","Phishing",181918,2388,8,"8"
"TN","2018","Ransomware",181918,2388,0,"0"
"TN","2018","Crimes Against Children",181918,2388,0,"0"
"TN","2018","Extortion",181918,2388,20,"20"
"TN","2018","Threats/Stalking/Harassment/Terrorism",181918,2388,7,"7"
"TN","2018","IPR/Counterfeit",181918,2388,0,"0"
"TN","2018","Identity Theft",181918,2388,10,"10"
"TN","2018","BEC",181918,2388,7,"7"
"TN","2019","Data Breach",182799,881,0,"0"
"TN","2019","Personal Data Breach",182799,881,13,"13"
"TN","2019","Malware",182799,881,1,"1"
"TN","2019","Phishing",182799,881,8,"8"
"TN","2019","Ransomware",182799,881,0,"0"
"TN","2019","Crimes Against Children",182799,881,0,"0"
"TN","2019","Extortion",182799,881,19,"19"
"TN","2019","Threats/Stalking/Harassment/Terrorism",182799,881,5,"5"
"TN","2019","IPR/Counterfeit",182799,881,1,"1"
"TN","2019","Identity Theft",182799,881,7,"7"
"TN","2019","BEC",182799,881,8,"8"
"TN","2020","Data Breach",181560,-1239,0,"0"
"TN","2020","Personal Data Breach",181560,-1239,18,"18"
"TN","2020","Malware",181560,-1239,0,"0"
"TN","2020","Phishing",181560,-1239,9,"9"
"TN","2020","Ransomware",181560,-1239,0,"0"
"TN","2020","Crimes Against Children",181560,-1239,1,"1"
"TN","2020","Extortion",181560,-1239,31,"31"
"TN","2020","Threats/Stalking/Harassment/Terrorism",181560,-1239,6,"6"
"TN","2020","IPR/Counterfeit",181560,-1239,1,"1"
"TN","2020","Identity Theft",181560,-1239,10,"10"
"TN","2020","BEC",181560,-1239,6,"6"
"TN","2021","Data Breach",181163,-397,0,"0"
"TN","2021","Personal Data Breach",181163,-397,19,"19"
"TN","2021","Malware",181163,-397,0,"0"
"TN","2021","Phishing",181163,-397,11,"11"
"TN","2021","Ransomware",181163,-397,1,"1"
"TN","2021","Crimes Against Children",181163,-397,0,"0"
"TN","2021","Extortion",181163,-397,0,"0"
"TN","2021","Threats/Stalking/Harassment/Terrorism",181163,-397,4,"4"
"TN","2021","IPR/Counterfeit",181163,-397,1,"1"
"TN","2021","Identity Theft",181163,-397,13,"13"
"TN","2021","BEC",181163,-397,8,"8"
"TN","2022","Data Breach",184086,2923,1,"1"
"TN","2022","Personal Data Breach",184086,2923,23,"23"
"TN","2022","Malware",184086,2923,0,"0"
"TN","2022","Phishing",184086,2923,7,"7"
"TN","2022","Ransomware",184086,2923,0,"0"
"TN","2022","Crimes Against Children",184086,2923,1,"1"
"TN","2022","Extortion",184086,2923,18,"18"
"TN","2022","Threats/Stalking/Harassment/Terrorism",184086,2923,0,"0"
"TN","2022","IPR/Counterfeit",184086,2923,0,"0"
"TN","2022","Identity Theft",184086,2923,14,"14"
"TN","2022","BEC",184086,2923,10,"10"
"CA","2016","Data Breach",177746,NA,2,"2"
"CA","2016","Personal Data Breach",177746,NA,18,"18"
"CA","2016","Malware",177746,NA,1,"1"
"CA","2016","Phishing",177746,NA,9,"9"
"CA","2016","Ransomware",177746,NA,1,"1"
"CA","2016","Crimes Against Children",177746,NA,0,"0"
"CA","2016","Extortion",177746,NA,10,"10"
"CA","2016","Threats/Stalking/Harassment/Terrorism",177746,NA,NA,NA
"CA","2016","IPR/Counterfeit",177746,NA,1,"1"
"CA","2016","Identity Theft",177746,NA,10,"10"
"CA","2016","BEC",177746,NA,9,"9"
"CA","2017","Data Breach",179530,1784,2,"2"
"CA","2017","Personal Data Breach",179530,1784,2,"2"
"CA","2017","Malware",179530,1784,1,"1"
"CA","2017","Phishing",179530,1784,14,"14"
"CA","2017","Ransomware",179530,1784,1,"1"
"CA","2017","Crimes Against Children",179530,1784,0,"0"
"CA","2017","Extortion",179530,1784,9,"9"
"CA","2017","Threats/Stalking/Harassment/Terrorism",179530,1784,11,"11"
"CA","2017","IPR/Counterfeit",179530,1784,1,"1"
"CA","2017","Identity Theft",179530,1784,11,"11"
"CA","2017","BEC",179530,1784,11,"11"
"CA","2018","Data Breach",181918,2388,1,"1"
"CA","2018","Personal Data Breach",181918,2388,36,"36"
"CA","2018","Malware",181918,2388,1,"1"
"CA","2018","Phishing",181918,2388,12,"12"
"CA","2018","Ransomware",181918,2388,0,"0"
"CA","2018","Crimes Against Children",181918,2388,0,"0"
"CA","2018","Extortion",181918,2388,37,"37"
"CA","2018","Threats/Stalking/Harassment/Terrorism",181918,2388,12,"12"
"CA","2018","IPR/Counterfeit",181918,2388,1,"1"
"CA","2018","Identity Theft",181918,2388,9,"9"
"CA","2018","BEC",181918,2388,13,"13"
"CA","2019","Data Breach",182799,881,0,"0"
"CA","2019","Personal Data Breach",182799,881,24,"24"
"CA","2019","Malware",182799,881,1,"1"
"CA","2019","Phishing",182799,881,12,"12"
"CA","2019","Ransomware",182799,881,1,"1"
"CA","2019","Crimes Against Children",182799,881,0,"0"
"CA","2019","Extortion",182799,881,30,"30"
"CA","2019","Threats/Stalking/Harassment/Terrorism",182799,881,10,"10"
"CA","2019","IPR/Counterfeit",182799,881,1,"1"
"CA","2019","Identity Theft",182799,881,8,"8"
"CA","2019","BEC",182799,881,16,"16"
"CA","2020","Data Breach",181560,-1239,1,"1"
"CA","2020","Personal Data Breach",181560,-1239,29,"29"
"CA","2020","Malware",181560,-1239,0,"0"
"CA","2020","Phishing",181560,-1239,15,"15"
"CA","2020","Ransomware",181560,-1239,1,"1"
"CA","2020","Crimes Against Children",181560,-1239,1,"1"
"CA","2020","Extortion",181560,-1239,50,"50"
"CA","2020","Threats/Stalking/Harassment/Terrorism",181560,-1239,13,"13"
"CA","2020","IPR/Counterfeit",181560,-1239,2,"2"
"CA","2020","Identity Theft",181560,-1239,15,"15"
"CA","2020","BEC",181560,-1239,13,"13"
"CA","2021","Data Breach",181163,-397,0,"0"
"CA","2021","Personal Data Breach",181163,-397,33,"33"
"CA","2021","Malware",181163,-397,0,"0"
"CA","2021","Phishing",181163,-397,13,"13"
"CA","2021","Ransomware",181163,-397,2,"2"
"CA","2021","Crimes Against Children",181163,-397,1,"1"
"CA","2021","Extortion",181163,-397,0,"0"
"CA","2021","Threats/Stalking/Harassment/Terrorism",181163,-397,8,"8"
"CA","2021","IPR/Counterfeit",181163,-397,2,"2"
"CA","2021","Identity Theft",181163,-397,17,"17"
"CA","2021","BEC",181163,-397,13,"13"
"CA","2022","Data Breach",184086,2923,1,"1"
"CA","2022","Personal Data Breach",184086,2923,38,"38"
"CA","2022","Malware",184086,2923,0,"0"
"CA","2022","Phishing",184086,2923,9,"9"
"CA","2022","Ransomware",184086,2923,1,"1"
"CA","2022","Crimes Against Children",184086,2923,1,"1"
"CA","2022","Extortion",184086,2923,22,"22"
"CA","2022","Threats/Stalking/Harassment/Terrorism",184086,2923,1,"1"
"CA","2022","IPR/Counterfeit",184086,2923,1,"1"
"CA","2022","Identity Theft",184086,2923,13,"13"
"CA","2022","BEC",184086,2923,15,"15"
